Artist,song_album,Title,song_release_date
Grasu XXL,Drumul spre succes,Turbofin,2015-03-23
B.U.G. Mafia,Sa Cante Trompetele,Sa Cante Trompetele,2014-12-18
Spike,Lumea lui Paul,La treabă,2015-05-29
Nane,Plecat de acasă,CĂMINUL 1-2,2016-02-05
Grasu XXL,Curaj,Fără Filtru,2006-07-10
Ombladon,Hip Hop Romanesc,Hip Hop Romanesc,2015-04-04
B.U.G. Mafia,B.U.G. Mafia Prezinta Casa,Cine E Cu Noi,2002-02-20
Guess Who,De acasă,De acasă,2020-06-19
Spike,Lumea lui Paul,Litoral,2015-05-29
B.U.G. Mafia,8 Zile Din 7,8 Zile Din 7,2020-07-01
Nane,Plecat de acasă,$$$,2016-02-05
Grasu XXL,Drumul spre succes,Drumul spre succes,2015-03-23
Spike,Lumea lui Paul,Încerc,2015-05-29
Guesswho,Onoare,Onoare,2013-01-30
Parazitii,Arma Secreta,Antimilitie,2019-05-24
Spike,Lumea lui Paul,Rămâne scris,2015-05-29
Mitza,Tare Rău,Tare Rău,2019-05-13
Junky Zice,INTRUNA INTRUNA,INTRUNA INTRUNA,2018-07-23
Grasu XXL,Doamne Ajută!,Doamne Ajută!,2018-09-03
Cheloo,Sindromul Tourette,Vicii,2003
Grasu XXL,În Labirint,Spune-Mi Tot,2018-09-12
Spike,Lumea lui Paul,"Mamă, Mamă",2015-05-29
Grasu XXL,Drumul spre succes,Blanădeurs,2015-03-23
B.U.G. Mafia,"Viata Noastra, Vol. 1",Un 2 si trei de 0,2006-02-02
Guess Who,Un Anonim Celebru,Un Anonim Celebru,2017-05-16
Junky Zice,YES,YES,2019-10-16
Bitza,Sinuciderea unui inger,Aripi frante,2005
Tranda,CONSTANGELES 2,Dacă cerul,2015-10-09
Maximilian,"Blonde, Brunete (Tot Felu' De Fete)","Blonde, Brunete (Tot Felu' De Fete)",2015-08-07
Guess Who,Un Anonim Celebru,Stele,2017-05-16
Junky Zice,Ciudat,Ciudat,2018-05-22
Guess Who,Un Anonim Celebru - Live La Arenele Romane,Un Anonim Celebru - Live,2018-05-16
Alina Eremia,360,Îmi Dai Curaj,2017-11-01
Mitza,Născut La Revoluție,Nimicuri,2018-02-19
Guess Who,Timp,Timp,2018-06-01
Junky Zice,Hagi-Maradona-Pele In Balcani,Hagi-Maradona-Pele In Balcani,2018-03-22
Guess Who,Un Anonim Celebru,Cupidon,2017-05-16
Grasu XXL,Drumul spre succes,Tare Frate,2015-03-23
La Familia,Punct Și De La Capăt,Viață Bună,2003-07-19
Grasu XXL,Drumul spre succes,Victoria,2015-03-23
Spike,Propaganda,Manele,2018-11-08
Zhao,AmDa'N-am,AmDa'N-am,2016-06-21
Guess Who,Un Anonim Celebru - Live La Arenele Romane,Mă Faci Să Simt Că... - Live,2018-05-16
Zhao,Asasin,Asasin,2015-10-16
Maximilian,Câteva Gânduri,Câteva Gânduri,2015-04-03
Deliric,Deliric X Silent Strike,$Efu,2016-07-06
Nane,Plecat de acasă,Normal,2016-02-05
Guess Who,Un Anonim Celebru - Live La Arenele Romane,Fără Filtru | Flori Ilegale - Live,2018-05-16
Zhao,Aprindem Noaptea,Aprindem Noaptea,2016-03-29
Nane,Plecat de acasă,911,2016-02-05
Guess Who,Prea Curând,Prea Curând,2016-11-24
Tranda,CONSTANGELES 2,Toată lumea vrea,2015-10-09
Grasu XXL,Lumea Nouă,Lumea nouă,2017-02-21
Grasu XXL,Didaia (TraLaLa) [feat. Maximilian & Spike],Didaia (TraLaLa) [feat. Maximilian & Spike],2014-09-29
Guesswho,Tot Mai Sus,Decât Să Minți,2011-09-20
Grasu XXL,Deja Vu,Deja Vu,2013-09-18
Guesswho,Tot Mai Sus,Manifest,2011-09-20
Guesswho,Tot Mai Sus,Tot Mai Sus (feat. De Moga),2011-09-20
AMI,3 lucruri,3 lucruri,2016-02-12
Junky Zice,M1,DaDaDa,2015-06-29
Zhao,"Încă Unu' Şi-Am Plecat (feat. Mitza, Junky)",Încă Unu' Şi-Am Plecat,2015-11-01
Grasu XXL,Drumul spre succes,Dl. Destin,2015-03-23
MefX,Jasmin,Jasmin,2016-09-20
Junky Zice,"Nimeni, Niciodata (feat. Deliric)","Nimeni, Niciodata (feat. Deliric)",2013-06-07
Tranda,"Constangeles, Vol. 1",SxPB (feat. Grasu Xxl & Smiley),2014-02-26
Marwan,Marwan,ButterBombay,2014-02-24
Various Artists,This Is the Melbourne Sound,Jumanji,2013-05-31
Yellow Claw,Amsterdam Twerk Music,DJ Turn It Up,2013-10-15
Yowda,Shut Up (feat. Y.G.),Shut Up (feat. Y.G.),2012-11-07
Joel Fletcher,Afterdark,Afterdark,2013-06-20
The Notorious B.I.G.,Ready to Die (The Remaster),Warning - 2005 Remaster,1994-09-13
Nas,It Was Written,If I Ruled the World (Imagine That) (feat. Lauryn Hill),1996-07-02
Sleiman,Bomaye,Bomaye (feat. Livid & MellemFingaMuzik),2016-03-10
NODE,De Snakker,De Snakker,2017-03-17
Tyga,Rack City,Rack City,2011-01-01
Dr. Dre,2001,Forgot About Dre,1999-11-16
2Pac,All Eyez On Me,All Eyez On Me,1996-02-13
DVBBS,Tsunami,Tsunami - Radio Edit,2013-10-08
Martin Garrix,Animals,Animals - Original Mix,2013-10-08
Lloyd Banks,H.F.M. 2,"Beamer, Benz or Bentley",2010-11-29
Daddy Yankee,"Daddy Yankee ""Gasolina""",Gasolina,2005-01-01
Sean Paul,Dutty Rock,Get Busy,2002-11-12
Die Atzen,Disco Pogo,Disco Pogo - Atzen Musik Mix,2010-04-19
Various Artists,Dance Chart (Winter/Spring 2010),Skub Til Taget - Radio Edit,2010-02-01
Fedde Le Grand,Put Your Hands Up For Detroit,Put Your Hands Up for Detroit - Radio Edit,2006
Dada Life,Kick Out The Epic Motherf**ker,Kick Out The Epic Motherf**ker - Radio Edit,2012-01-01
Swizz Beatz,It's Me Snitches (Edited Version),It's Me Snitches,2007-01-01
Example,Changed The Way You Kiss Me,Changed The Way You Kiss Me - Radio Edit,2011-01-01
Far East Movement,Like a G6,Like A G6,2010-01-01
Specktors,Lågsus,Lågsus,2012-03-23
Busta Rhymes,It Ain't Safe No More. . .,I Know What You Want (feat. Flipmode Squad),2002-11-26
Snoop Dogg,R&G (Rhythm & Gangsta): The Masterpiece [Explicit Version],Drop It Like It's Hot,2004-01-01
50 Cent,Candy Shop (International Version),Candy Shop,2005-01-01
Knife Party,Rage Valley,Sleaze (feat. Mistajam),2012
,www.Electrobangers.com,Last Time (Knife Party Remix),
Jason Derulo,Talk Dirty (feat. 2 Chainz),Talk Dirty (feat. 2 Chainz),2013-08-02
Yellow Claw,Shotgun,Shotgun,2013-12-02
Marsal Ventura,Hot Diana (feat. Geena Corona),Hot Diana (feat. Geena Corona),2013-10-14
Anders Crawn,Big Fat Licorice Pipe,Big Fat Licorice Pipe - Radio Edit,2013-10-14
Sesto Sento,P.L.U.R.,Happy People Happy Music,2012-03-31
Niklas,CD1,Slem Pige,2012-11-19
Yellow Claw,Amsterdam Twerk Music,P*$$YRICH,2013-10-15
Yellow Claw,Amsterdam Twerk Music,Assets,2013-10-15
Tyga,Do My Dance,Do My Dance,2012-01-01
Naturalize,The Modern World,Survive This World,2013-06-07
Nitro & Glycerine,Significant Other,Blink,2012-12-20
Nitro & Glycerine,Imma Wigga 2.0 The Remixes,Imma Wigga - Hatikwa Remix,2012-08-17
Snoop Dogg,The Best Of Snoop Dogg,Lay Low,2005-01-01
Various Artists,Meowingtons Hax Tour Trax,Cott's Face - Original Mix,2011-09-22
Neelix,RMX,Green Sector - Neelix Remix,2012-07-13
HEDEGAARD,Kysset Med Medina feat. Kesi,Kysset Med Medina,2013-01-01
Joel Fletcher & Orkestrated,It's a Party,It's a Party - Original,2012-10-19
Various Artists,Straight Up Electro House! Vol. 9,Work Money Party B*tches - Deorro vs Joel Fletcher Remix,2013-01-21
Borgore,Wild Out EP,Wild Out (feat. Waka Flocka Flame & Paige) - Original Mix,2013-11-12
Chase & Status,No More Idols (Platinum Edition),No Problem,2011-01-01
Kronfeld,The Freaks,The Dude,2013-01-11
Warren G,Party We Will Throw Now! - Single,Party We Will Throw Now!,2012-04-24
Ace Hood,Bugatti (Explicit Version),Bugatti,2013-01-01
Diplo,Express Yourself,Express Yourself,2012-06-11
Swizz Beatz,"Everyday, Birthday",Everyday Birthday (feat. Chris Brown & Ludacris),2012-11-02
Eminem,Curtain Call (Deluxe),Shake That,2005-12-06
A$AP Rocky,LONG.LIVE.A$AP (Deluxe Version),Goldie,2013-01-11
Various Artists,Jeffree's Vol. 8,Kaolo,2013-04-23
Various Artists,Onelove Presents Melbourne Underground,The Viking (Extended Mix),2013-05-17
Joker Inc,Smile,Smile - Original Mix,2013-07-22
"Orkestrated, Fries & Shine",Melbourne Bounce (Remixes),Melbourne Bounce (Deorro Remix) [feat. Big Nab],2013-09-12
Kill The Noise,Roots Remixed,Roots - Brillz Remix,2012-08-07
J. Dash,Wop (Official Version),Wop (Official Version),2010-12-16
Neelix,Face-Lift EP,Disco DK - Tam Tam Edit,2012-05-18
Major Lazer,Original Don,Original Don,2011-11-07
Hardwell,Spaceman (Carnage Festival Trap Remix),Spaceman - Carnage Festival Trap Remix,2012-12-29
DJ Snake,Turn Down for What,Turn Down for What,2013-12-18
Flosstradamus,Pillz (feat. Green Velvet),Pillz (feat. Green Velvet),2013-10-08
Tyga,Hotel California (Deluxe),Molly,2013-01-01
The Four Owls,Nature's Greatest Mystery,Life in the Balance,2011-12-05
Dope D.O.D.,Branded,What Happened,2011-09-23
Steve Aoki,Boneless (Remixes),Boneless,2013-09-10
Timmy Trumpet & Chardy,Melbournia,Melbournia - Will Sparks Edit,2013-06-28
Congorock,Minerals,Minerals,2013-12-10
Various Artists,Monstercat 015 - Outlook,Bleed,2013-11-20
David Guetta,Shot Me Down (feat. Skylar Grey),Shot Me Down (feat. Skylar Grey) - Radio Edit,2014-01-27
Various Artists,Dance Chart 38,Wizard - Radio Edit,2014-02-03
Various Artists,Recovered Vol. 1 - Slammin' Club Cover Versions,One Night In Bangkok - Vinylshakerz XXL Mix,2007-02-23
Neelix,Progressive Psy Trance Picks Vol.10,Chicken or Beef,2012-08-03
Brillz,RETWONKED,WTF - Luminox Remix,2013-12-10
Deorro,Dechorro,Dechorro - Original Mix,2013-11-26
MØ,XXX 88 (Remixes 2) (feat. Diplo),XXX 88 (feat. Diplo) - Nonsens Remix,2013-12-06
Dillon Francis,Get Low,Get Low,2014-02-11
Eminem,Encore,Ass Like That,2004-11-12
Vinnie Paz,Carry on Tradition,God Bless,2013-10-29
La Coka Nostra,A Brand You Can Trust,Bloody Sunday,2007
La Coka Nostra,A Brand You Can Trust,Gun In Your Mouth,2007
Outerspace,My Brother's Keeper,World of Fear,2011-08-23
Swollen Members,Greatest Hits (Ten Years of Turmoil),Pornstar,2010-03-16
Bombs Away,Assassinate,Assassinate (Club Edit),2013-07-26
MAKJ,Conchy,Conchy - Lahox Mix,2013-04-26
Orkestrated,Robots,Robots (Joel Fletcher Mix),2011-12-10
Sandro Silva,Epic,Epic,2011-12-06
Various Artists,Time 25th Anniversary,Let It Rain - Cristian Marchi & Paolo Sandrini Video Edit,2009-12-25
MAKJ,Revolution,Revolution - Original Mix,2013-10-07
Yolanda Be Cool,We No Speak Americano,We No Speak Americano - Radio Edit,2010-05-31
Sak Noel,"Loca People (What the F**k!"") [Radio Edit]","Loca People (What the F**k!"") - Radio Edit",2011-06-03
Various Artists,Mixmash Takeover (Mixed by Laidback Luke & Blasterjaxx),"Watch out for This (Bumaye) [feat. Busy Signal, the Flexican & Fs Green]",2013-11-23
Ace Ventura,Digital Beings - Compiled By Easy Riders,Process,2010-09-27
La Coka Nostra,A Brand You Can Trust,Fuck Tony Montana,2007
Daniel Caesar,Get You - Single,Japanese Denim,2016-10-21
Daniel Caesar,Freudian,Best Part (feat. H.E.R.),2017-08-25
Daniel Caesar,Pilgrim's Paradise,Streetcar,2015-11-12
Frank Ocean,Blonde,Ivy,2016-08-20
SZA,Ctrl,The Weekend,2017-06-09
SZA,Ctrl,Love Galore (feat. Travis Scott),2017-06-09
Bazzi,COSMIC,Beautiful,2018-04-12
Jhené Aiko,Trip,While We're Young,2017-09-22
Khalid,American Teen,Location,2017-04-27
Miguel,Kaleidoscope Dream,Do You...,2012-09-28
Frank Ocean,Blonde,Self Control,2016-08-20
Various Artists,Hip Hop Love Songs,Good Lovin,2017-11-17
Various Artists,Hip Hop Love Songs,All For You,2017-11-17
Various Artists,Hip Hop Love Songs,Dilemma,2017-11-17
Mario,Let Me Love You,Let Me Love You,2004-09-21
Cassidy,Split Personality,Hotel (feat. R. Kelly),2004-03-15
Jagged Edge,Jagged Edge,So High,2006-05-09
Trey Songz,Tremaine the Album,1x1,2017-03-24
Busta Rhymes,It Ain't Safe No More. . .,I Know What You Want (feat. Flipmode Squad),2002-11-26
Akon,Konvicted,Smack That,2006
Fat Joe,Jealous Ones Still Envy (J.O.S.E),What's Luv? (feat. Ja-Rule & Ashanti),2001-12-04
Kevin Lyttle,Turn Me On (Online Music),Turn Me On,2004-03-30
Bow Wow,Playlist: The Very Best Of Bow Wow,Thank You (feat. Jagged Edge & Fundisha),2000
Naughty By Nature,Nineteen Naughty Nine Nature's Fury,Jamboree (feat. Zhané),1999-04-27
Usher,Confessions (Expanded Edition),My Boo,2004-03-23
Ja Rule,Pain Is Love,Always On Time,2001-01-01
Various Artists,Cool - R&B,Suga Suga,2009-01-01
Jalen Santoy,Foreplay,Foreplay,2016-07-07
Childish Gambino,"""Awaken, My Love!""",Redbone,2016-12-02
Twista,Kamikaze,Overnight Celebrity,2004-01-27
The Notorious B.I.G.,Life After Death (2014 Remastered Edition),Mo Money Mo Problems (feat. Puff Daddy & Mase) - 2014 Remaster,1997-03-04
Snoop Dogg,R&G (Rhythm & Gangsta): The Masterpiece,Signs,2004-01-01
Dru Hill,Dru Hill,In My Bed - So So Def Mix,1996-11-19
Mase,Welcome Back,Welcome Back,2005-04-20
Eamon,I Don't Want You Back,Fuck It (I Don't Want You Back),2004-01-23
Serani,No Games,No Games,2010-10-27
Wyclef Jean,The Ecleftic -2 Sides II A Book,911 (feat. Mary J. Blige),2000-05-01
A Boogie Wit da Hoodie,Hoodie SZN,Look Back at It,2018-12-21
G-Eazy,When It's Dark Out,"Me, Myself & I",2015-12-04
DJ Khaled,Wild Thoughts,Wild Thoughts,2017-06-16
Drake,Views,Too Good,2016-05-13
Wale,"My Love (feat. Major Lazer, WizKid, Dua Lipa)","My Love (feat. Major Lazer, WizKid, Dua Lipa) - Spotify Single Version",2017-04-25
Travis Scott,Birds In The Trap Sing McKnight,goosebumps,2016-09-16
Lil Nas X,7 EP,Rodeo,2019-06-21
Mura Masa,Mura Masa,Love$ick (feat. A$AP Rocky),2017-07-14
OutKast,Aquemini,Rosa Parks,1998-09-29
Montell Jordan,Get It On...Tonite,Get It On Tonite,1999-01-01
Usher,8701,U Remind Me,2001-08-07
Ja Rule,R.U.L.E.,The Manual,2004-01-01
Cam’ron,Come Home With Me,Oh Boy,2002-01-01
Jay Sean,With You,With You,2019-03-08
Young Thug,So Much Fun,The London (feat. J. Cole & Travis Scott),2019-08-16
A Boogie Wit da Hoodie,Hoodie SZN,Swervin (feat. 6ix9ine),2018-12-21
Bryce Vine,Baby Girl,Baby Girl,2020-02-28
Drake,Nice For What,Nice For What,2018-04-06
R. Kelly,The R. In R&B Collection: Volume 1,Ignition (Remix),2003-09-11
Nina Simone,Silk & Soul,I Wish I Knew How It Would Feel to Be Free,1967
Lil' Troy,Sittin' Fat Down South,Wanna Be A Baller,1998
Boyz II Men,Full Circle,Roll Wit Me,2002-06-11
Justin Bieber,Purpose (Deluxe),Love Yourself,2015-11-13
The Pussycat Dolls,PCD (Revised International Version),Stickwitu,2005-01-01
Chris Brown,Chris Brown (Expanded Edition),Say Goodbye,2005
Beyoncé,Listen,"Listen (From the Motion Picture ""Dreamgirls"")",2006-12-20
Adele,21,Someone Like You,2011-01-19
Beyoncé,I AM...SASHA FIERCE,Halo,2008-11-17
Beyoncé,I AM...SASHA FIERCE,If I Were a Boy,2008-11-14
gnash,us,"i hate u, i love u (feat. olivia o'brien)",2016-03-25
Demi Lovato,Body Say,Body Say,2016-07-01
The Chainsmokers,Closer,Closer,2016-07-29
Adele,Hello,Hello,2015-10-23
Rihanna,Rated R (ブランクにしてください),Te Amo,2009-11-20
Jessie J,Who You Are (Platinum Edition),Who You Are,2011-01-01
Jessie Ware,Tough Love (Deluxe),Say You Love Me,2014-08-04
Beyoncé,4,I Was Here,2011-06-24
Fergie,The Dutchess (Explicit Version),Big Girls Don't Cry (Personal),2006-01-01
Rihanna,Good Girl Gone Bad: Reloaded,Take A Bow,2008-06-02
JoJo,"Too Little, Too Late","Too Little, Too Late - Radio Version",2006-01-01
Jordin Sparks,Jordin Sparks,No Air (feat. Chris Brown),2007-11-20
Beyoncé,I AM...SASHA FIERCE,If I Were a Boy,2008-11-12
Mario,Turning Point,Let Me Love You,2004-08-06
Rihanna,Loud,California King Bed,2010-11-16
Demi Lovato,Unbroken,Skyscraper,2011-01-01
Miley Cyrus,The Time Of Our Lives (International Version),The Climb,2009-01-01
Beyoncé,I AM...SASHA FIERCE,Broken-Hearted Girl,2008-11-12
Andra Day,Cheers to the Fall,Rise Up,2015-08-28
Guy Sebastian,Set In Stone,Set In Stone,2016-10-28
Sam Smith,The Thrill Of It All (Special Edition),Too Good At Goodbyes,2017-11-03
Ed Sheeran,Perfect Duet (Ed Sheeran & Beyoncé),Perfect Duet (Ed Sheeran & Beyoncé),2017-11-30
Emeli Sandé,Our Version Of Events (Deluxe Edition),"""Read All About It, Pt. III""",2012
Jessie J,"Flashlight (From ""Pitch Perfect 2"" Soundtrack)","Flashlight - From ""Pitch Perfect 2"" Soundtrack",2015-04-14
Ellie Goulding,"Love Me Like You Do (From ""Fifty Shades Of Grey"")","Love Me Like You Do - From ""Fifty Shades Of Grey""",2015-01-07
Bruno Mars,Doo-Wops & Hooligans,Grenade,2010-10-05
Rihanna,Rated R,Stupid In Love,2009-11-20
Demi Lovato,Demi,Made In The USA,2013-01-01
Demi Lovato,Unbroken,Lightweight,2011-01-01
Sam Smith,The Thrill Of It All (Special Edition),No Peace,2017-11-03
Jessie Ware,Glasshouse,Hearts,2017-10-20
Calum Scott,Only Human (Deluxe),Dancing On My Own,2018-03-09
Demi Lovato,Unbroken,Together,2011-01-01
Demi Lovato,Sober,Sober,2018-06-21
Javi Reina,D.Franklin Desires,D.Franklin Desires,2017-10-27
Sam Smith,In The Lonely Hour (Drowning Shadows Edition),Stay With Me,2015-11-06
Sam Smith,In The Lonely Hour (Deluxe Edition),Lay Me Down,2014-01-01
John Legend,Love In The Future (Expanded Edition),All of Me,2013-08-30
Miley Cyrus,The Time Of Our Lives (International Version),When I Look At You,2009-01-01
Demi Lovato,Demi,Warrior,2013-01-01
Jessie J,"Flashlight (From ""Pitch Perfect 2"" Soundtrack)","Flashlight - From ""Pitch Perfect 2"" Soundtrack",2015-04-14
James Arthur,Naked (CADE Remix),Naked - CADE Remix,2017-12-01
Mariah Carey,Memoirs of an imperfect Angel (International Version),I Want To Know What Love Is,2009-01-01
Mariah Carey,Butterfly,My All,1997-09-03
Toni Braxton,The Heat,Spanish Guitar,2000
Various Artists,Luke Cage: Season 2,Family First,2018-06-22
Jazmine Sullivan,Fearless,Bust Your Windows,2008-09-23
Koryn Hawthorne,Koryn Hawthorne - EP,Speak The Name,2017-08-11
Rihanna,Rated R,Stupid In Love,2009-11-20
Sam Smith,"Fire On Fire (From ""Watership Down"")","Fire On Fire - From ""Watership Down""",2018-12-21
Nick Jonas,Last Year Was Complicated,Chainsaw,2016-06-10
Cold War Kids,LA DIVINE,Restless,2017-04-07
Skye Townsend,Noreg,Noreg,2018-03-13
Freya Ridings,Lost Without You,Lost Without You,2017-11-03
Rihanna,"Sledgehammer (From The Motion Picture ""Star Trek Beyond"")","Sledgehammer - From The Motion Picture ""Star Trek Beyond""",2016-06-27
Hamster,City Limits,City Limits,2016-10-14
Lady Gaga,A Star Is Born Soundtrack (Without Dialogue),Always Remember Us This Way,2018-10-05
Sam Smith,Dancing With A Stranger (with Normani),Dancing With A Stranger (with Normani),2019-01-11
Jorja Smith,Let Me Down,Let Me Down,2018-01-12
James Arthur,Back from the Edge,Say You Won't Let Go,2016-10-28
Usher,8701,U Got It Bad,2001-08-07
Usher,Here I Stand,Moving Mountains,2008-05-27
Lewis Capaldi,Breach,Someone You Loved,2018-11-08
Aron Wright,I Don't Believe in Satan,I Don't Believe in Satan,2018-03-06
Wafia,VIII,The Ending,2018-01-19
Blakey,Prism of Love,Prism of Love,2018-03-01
Mickey Guyton,"Hold On (From ""Breakthrough"" Soundtrack)","Hold On - From ""Breakthrough"" Soundtrack",2019-03-22
Shontelle,No Gravity,Impossible - Main,2010-01-01
Adele,21,Set Fire to the Rain,2011-01-19
Adele,25,Hello,2016-06-24
Various Artists,The Greatest Showman: Reimagined,Rewrite The Stars (with James Arthur & Anne-Marie),2018-11-16
Joel Adams,Please Don't Go,Please Don't Go,2015-11-06
Ne-Yo,In My Own Words,So Sick,2006-01-01
CLOVES,XIII,Don't Forget About Me,2015-11-20
P!nk,The Truth About Love,Try,2012-09-18
P!nk,F**kin' Perfect,F**kin' Perfect,2010-12-24
P!nk,Beautiful Trauma,Beautiful Trauma,2017-10-13
P!nk,I'm Not Dead,Who Knew,2006-03-31
Various Artists,The Greatest Showman (Original Motion Picture Soundtrack),Never Enough,2017-12-08
Demi Lovato,Unbroken,Fix a Heart,2011-01-01
Rihanna,A Girl Like Me,Unfaithful,2006-04-10
A Great Big World,Is There Anybody Out There? - Track by Track Commentary,Say Something,2014-01-13
Christina Perri,A Thousand Years,A Thousand Years,2011-10-18
Rihanna,Loud,Love The Way You Lie (Part II) - Pt. 2,2010-11-16
Miley Cyrus,Can't Be Tamed,Stay,2010-01-01
Whitney Houston,The Bodyguard - Original Soundtrack Album,I Will Always Love You,1992-11-17
Rihanna,Unapologetic (Deluxe),What Now,2012-12-11
Bebe Rexha,"You Can't Stop The Girl (From Disney's ""Maleficent: Mistress of Evil"")","You Can't Stop The Girl (From Disney's ""Maleficent: Mistress of Evil"")",2019-09-20
Eamon,F**k It,Fuck It (I Don't Want You Back),2004-01-28
Various Artists,Burlesque Original Motion Picture Soundtrack,Bound To You - Burlesque Original Motion Picture Soundtrack,2010-11-19
Marieme,Marieme,Leave,2018-02-16
Birdy,Not About Angels,Not About Angels,2014-04-13
pxzvc,Bad Idea,Bad Idea,2018-05-11
The Deli,Vibes 2,5:32pm,2016-10-17
Jinsang,Life,Affection,2016-12-23
potsu,i'm closing my eyes,i'm closing my eyes,2017-05-17
Nohidea,osho,"sincerely, yours",2017-02-04
"quickly, quickly","Quickly Quickly, Vol. 1",Getsomerest/sleepwell,2017-04-16
eery,Her,Her,2016-01-01
potsu,[oops],[oops],2017-05-17
prxz,Love Wounds,Love Is More Depressing Than Depression,2017-10-21
itssvd,Missing,Losing Interest,2017-02-12
Shiloh Dynasty,Imagination,Imagination,2018-06-02
Shiloh Dynasty,Love Is the Same as Sadness,Dance with Me,2018-05-14
Burgettii,Darkness Meets World,Intro,2020-07-03
Burgettii,Darkness Meets World,Rae of Sunshine X 906 in Lex,2020-07-03
Burgettii,Darkness Meets World,Darkness Meets World 2,2020-07-03
Burgettii,Darkness Meets World,"Emma's Story, Pt. 2",2020-07-03
Burgettii,Darkness Meets World,Can't Luv Remix,2020-07-03
prxz,Love Wounds,Alone and Lonely,2017-10-21
prxz,Love Wounds,I'm Shy. I'm Anxious,2017-10-21
prxz,Love Wounds,Grips on Your Waist,2017-10-21
Shiloh Dynasty,Love Is the Same as Sadness,Your Love Makes Me Depressed,2018-05-14
Shiloh Dynasty,Love Is the Same as Sadness,Love Is the Same as Sadness,2018-05-14
Shiloh Dynasty,Love Is the Same as Sadness,"I Fall in Love, I'm Sorry",2018-05-14
Shiloh Dynasty,Love Is the Same as Sadness,Tried to Be Patient with You,2018-05-14
Shiloh Dynasty,Love Is the Same as Sadness,You Know That I Don't Play,2018-05-14
itssvd,tape for when i'm sad,i don't feel part of the world anymore,2019-05-17
Floreyyyy,Intimacy,Not Even Her (feat. Shiloh),2018-01-05
prxz,Love Wounds,Empty Hearts,2017-10-21
Swell,Theres Still Us,I'm Sorry,2016-01-19
keshi,over u,over u,2017-09-20
Sarcastic Sounds,I Don't Sleep,I Don't Sleep,2018-01-19
Monty Datta,Can't Love Myself,Can't Love Myself,2018-02-16
Nohidea,Esuna,falling down (feat. shiloh),2017-08-06
Timmies,Passion & Confusion,Loosing Interest,2017-09-21
sagun,I'm Drunk And Confused,I'm Drunk And Confused,2017-10-19
Kina,Baby You're Worth It,Baby You're Worth It,2018-06-13
Monty Datta,With Somebody Else,With Somebody Else,2018-08-31
XXXTENTACION,17,Carry On,2017-08-25
keshi,as long as it takes you,as long as it takes you,2017-11-07
Elijah Who,Gentle Boy,this girl,2017-09-29
j'san,"i'm in love with u, sorry","i'm in love with u, sorry",2017-10-02
Teqkoi,Please Come Back,Please Come Back,2018-03-20
Timmies,Passion & Confusion,Soft Skin,2017-09-21
Joji,In Tongues (Deluxe),Will He,2018-02-14
Masked Man,Drowning My Sorrows,Drowning My Sorrows,2017-08-29
Beowülf,Is It Too Late for Me,Is It Too Late for Me,2018-01-02
keshi,if you're not the one for me who is,if you're not the one for me who is,2017-10-23
Fresh,5-Trak,Too Much To Ask For,2018-11-16
Fresh,5-Trak,This Is For My Girl,2018-11-16
Fresh,5-Trak,I'm Loosing Interest,2018-11-16
cucu,I Don't Trust Nobody,I Don't Trust Nobody,2017-11-05
Kina,Nobody Cares,Nobody Cares,2018-03-05
XXXTENTACION,17,Everybody Dies In Their Nightmares,2017-08-25
Ondi Vil,I Know You So Well,I Know You So Well,2018-02-12
SHRK,Lost in Love,You're so Unfair,2018-05-30
Peachy!,Falling for U,Falling for U,2017-08-14
Nohidea,Smile,Smile,2016-11-11
Jordan Maxwell,Waiting (feat. Shiloh),Waiting (feat. Shiloh),2018-01-13
XXXTENTACION,17,Jocelyn Flores,2017-08-25
Roderick Porter,Baby,Baby,2019-11-16
Roderick Porter,I Didn't Realize How Empty My Bed Was Until You Left,I Didn't Realize How Empty My Bed Was Until You Left,2018-10-27
Roderick Porter,Ghost,Ghost,2019-01-07
Roderick Porter,"Rainy Tapes, Vol. 1",Out of My Mind,2018-08-03
Roderick Porter,"Rainy Tapes, Vol. 1",You,2018-08-03
Joji,BALLADS 1,SLOW DANCING IN THE DARK,2018-10-26
Joji,Gimme Love (Channel Tres Remix),Gimme Love,2020-04-10
Joji,BALLADS 1,YEAH RIGHT,2018-10-26
Joji,Sanctuary,Sanctuary,2019-06-14
Joji,In Tongues (Deluxe),I Don't Wanna Waste My Time,2018-02-14
Joji,BALLADS 1,I'LL SEE YOU IN 40,2018-10-26
Joji,BALLADS 1,TEST DRIVE,2018-10-26
Joji,BALLADS 1,ATTENTION,2018-10-26
Joji,BALLADS 1,R.I.P. (feat. Trippie Redd),2018-10-26
zack villere,Little World,Bloo,2017-06-16
XXXTENTACION,?,the remedy for a broken heart (why am I so in love),2018-03-16
Floreyyyy,Intimacy,Novocaine (feat. Shiloh),2018-01-05
Peachy!,$orries,$orries,2018-04-10
Idealism,rainy evening,controlla,2017-08-30
Timmies,Passion & Confusion,I Dont Wanna Know Her,2017-09-21
Kuzu Mellow,Sunflower Feelings,Sunflower Feelings,2017-05-17
Burbank,"Sorry, I Like You","Sorry, I Like You",2017-08-08
BØJET,Sleepwalk,Holding Hands with You,2017-09-03
Various Artists,Chillhop Raw Cuts,Lonely,2017-02-13
Wun Two,Penthouse,Again,2014-12-19
Mishaal,Kid Goku,Kid Goku,2018-03-22
Sarcastic Sounds,Dead Dreams,Dead Dreams,2018-02-10
love-sadKID,Stalemate,Stalemate,2017-08-04
love-sadKID,That Girl,That Girl,2017-04-29
love-sadKID,Something More,Something More,2017-05-12
love-sadKID,Growth,Habits,2020-04-10
Sadlxne,Warm Nights,Warm Nights,2020-06-05
James Otha,Lotus Flower Remastered,Lotus Flower Remastered,2018-01-25
Lil Peep,Star Shopping,Star Shopping,2019-04-19
Lonely$adboy,This Is a Love Song Not a Sad Song,This Is a Love Song Not a Sad Song,2018-12-07
lonelyrari,Brokegirl,Brokegirl,2019-08-27
lonelyrari,KEEP MY POLO TUCKED <33,KEEP MY POLO TUCKED <33,2019-06-11
Post Malone,beerbongs & bentleys,Stay,2018-04-27
Steve Lacy,C U Girl,C U Girl,2015-02-15
UMI,Remember Me,Remember Me,2018-10-08
Rex Orange County,Edition,Edition,2017-09-12
Usher,My Way,Nice & Slow,1997-09-16
Nelly,6 Pack (Explicit Version),Dilemma,2010-10-12
Nelly,5.0,Just A Dream,2010-11-12
JAY-Z,Empire State Of Mind [Jay-Z + Alicia Keys] (International),Empire State Of Mind [Jay-Z + Alicia Keys],2009-10-20
Nelly,Nellyville,Dilemma,2002-06-25
Nelly,Country Grammar,Ride Wit Me,2000-06-27
TLC,Fanmail,No Scrubs,1999-02-23
Snoop Dogg,Paid Tha Cost To Be Da Bo$$,Beautiful,2002-01-01
Diddy,No Way Out (2014 Remaster),I'll Be Missing You (feat. Faith Evans & 112) - 2014 Remaster,1997
The Game,The Documentary,How We Do,2005
D12,D-12 World,My Band,2004-01-01
Black Eyed Peas,Monkey Business,My Humps,2005-01-01
Dr. Dre,2001 (Explicit Version),Forgot About Dre,1999-11-16
Various Artists,"Def Jam 25, Vol. 25 - Classics (Explicit Version)",Hard Knock Life (Ghetto Anthem),2009-01-01
Akon,Freedom (Int'l Version 2),Right Now (Na Na Na),2008
Keith Sweat,Keith Sweat,Twisted,1996
J. Holiday,Back Of My Lac',Suffocate - Superclean,2007-01-01
Ne-Yo,Libra Scale,One In A Million,2010-01-01
Jason Derulo,Tattoos,Marry Me,2013-09-10
Wyclef Jean,Masquerade,Two Wrongs,2002
Frankie J,The One,Obsesion (No Es Amor) (feat. Baby Bash),2003
Tyrese,I Wanna Go There,How You Gonna Act Like That,2002-12-01
Timbaland,Shock Value,Apologize,2007-01-01
Boyz II Men,II,On Bended Knee,1994-08-30
Jeremih,All About You,Love Don't Change,2010-01-01
Fergie,The Dutchess,Big Girls Don't Cry (Personal),2006-01-01
50 Cent,Best Of 50 Cent,Best Friend - Remix,2017-03-31
Nelly,Suit,Over And Over,2004-09-14
Bow Wow,The Price Of Fame,Outta My System,2006-12-18
Busta Rhymes,It Ain't Safe No More,I Know What You Want,2002-11-05
Bobby V.,Disturbing Tha Peace Presents Bobby Valentino,"Slow Down - 12"" Version",2005-01-01
Craig David,Born to Do It,Walking Away,2001-03-03
Tamia,More,Officially Missing You,2004-04-05
Bow Wow,Aint Thinkin' Bout You,Ain't Thinkin' 'Bout You,2010-01-01
Ne-Yo,Because Of You,Go On Girl,2007-01-01
Frankie J,The One,Don't Wanna Try,2003
Ne-Yo,So Sick,So Sick - Acoustic,2006-01-01
Diddy,Forever,Satisfy You,1999-08-24
Boyz II Men,II,I'll Make Love To You,1994-08-30
Nelly,Suit,My Place,2004-09-14
Ashanti,Ashanti,Happy,2002-01-01
NB Ridaz,NB Ridaz.com,Pretty Girl,2004
Trey Songz,Ready,I Need a Girl,2009-08-31
Various Artists,R&B Hits,I Need a Girl (Pt. 1) [feat. Usher & Loon],2005-10-04
Bow Wow,Wanted,Like You (feat. Ciara),2005
Usher,Confessions (Expanded Edition),Burn,2004-03-23
Mario,D.N.A.,I Choose You,2009-10-08
Chris Brown,Indigo,No Guidance (feat. Drake),2019-06-28
K-Ci & JoJo,Love Always,All My Life,1997-01-01
Akon,Konvicted,I Wanna Love You,2006
Joe,My Name Is Joe,I Wanna Know,2000-04-18
J. Holiday,Back Of My Lac',Bed,2007-01-01
Ne-Yo,Because Of You,Because Of You,2007-01-01
Mario,Go,How Do I Breathe,2007-12-11
Usher,Confessions (Expanded Edition),Confessions Part II,2004-03-23
Trey Songz,Trey Day,Can't Help but Wait,2007-10-01
Chris Brown,Chris Brown (Expanded Edition),Yo (Excuse Me Miss),2005
Lloyd,Street Love,You,2007-01-01
Bow Wow,Wanted,Let Me Hold You (feat. Omarion),2005
Ne-Yo,In My Own Words,Sexy Love,2006-01-01
Chingy,Hoodstar (Deluxe Edition),Pullin' Me Back,2006-01-01
Powfu,death bed (coffee for your head),death bed (coffee for your head),2020-02-08
Manuel Turizo,Quiéreme Mientras Se Pueda,Quiéreme Mientras Se Pueda,2020-05-01
Donell Jones,Where I Wanna Be,Shorty (Got Her Eyes on Me),1999-05-29
Jaheim,Still Ghetto,Put That Woman First,2002-11-05
Tyrese,2000 Watts,What Am I Gonna Do,2001-10-29
Tank,SAVAGE,When We,2017-09-29
Tank,Now or Never,I Can't Make You Love Me,2010-12-13
Daniel Caesar,CASE STUDY 01,LOVE AGAIN,2019-06-28
Tamia,Between Friends,Almost,2006
Tyrese,I Wanna Go There,Signs of Love Makin',2002-12-01
Anthony Hamilton,Comin' From Where I'm From,Charlene,2003-07-15
Maxwell,BLACKsummers'night (2009),Pretty Wings - uncut,2009-07-07
Jacob Banks,The Monologue,Dear Simone,2013-04-26
Jacob Banks,Unknown (To You) [Timbaland Remix],Unknown (To You) - Timbaland Remix,2017-10-20
Various Artists,Step Up Soundtrack,'Bout It (feat. 3LW),2006-08-08
Various Artists,Step Up Soundtrack,Get Up (feat. Chamillionaire),2006-08-08
Flo Rida,Only One Flo (Part 1),Who Dat Girl (feat. Akon),2010-11-24
Nelly,Country Grammar,Country Grammar (Hot Shit),2000-06-27
Baby Bash,Tha Smokin' Nephew,Suga Suga,2003-01-01
Blaque,I'm Good,I'm Good - Radio Version,2003-09-02
Various Artists,R&B Party,It's a Party,2018-03-19
Sean Paul,The Trinity,Temperature,2005-09-26
Sean Paul,Dutty Rock,Gimme the Light,2002-11-12
Various Artists,Step Up Soundtrack,U Must Be,2006-08-08
Brandy,Afrodisiac,Who Is She 2 U - Recall Version,2004
Ciara,Goodies,"One, Two Step (feat. Missy Elliott)",2004-09-27
Usher,Confessions (Expanded Edition),Caught Up,2004-03-23
Chris Brown,Chris Brown (Expanded Edition),Run It! (feat. Juelz Santana),2005
Busta Rhymes,The Big Bang,Get Down,2006-01-01
Pitbull,Original Hits,Midnight,2012-05-08
T-Pain,Epiphany,Church - Main Version - Explicit,2007-06-05
Cherish,The Truth,Killa,2008-01-01
Kevin Michael,Kevin Michael,We All Want the Same Thing (feat. Lupe Fiasco & Akil Dasan) - Acoustic Version,2007-09-14
Timbaland,Shock Value,The Way I Are,2007-01-01
Cupid,Time For A Change,369 (feat. B.o.B.),2007-09-11
Various Artists,Total Dance 2008 Vol. 2,Shake Your Pom Pom,2008-01-01
Swizz Beatz,One Man Band Man,Money In The Bank,2007-01-01
Timbaland,Shock Value,Bounce,2007-01-01
Lil Baby,Drip Harder,Close Friends (Lil Baby & Gunna),2018-10-05
YK Osiris,The Golden Child,Worth It,2019-10-11
YNW Melly,772 Love,772 Love,2017-10-16
YNW Melly,I AM YOU,Mama Cry,2018-08-03
Future,Future & Juice WRLD Present... WRLD ON DRUGS,Fine China,2018-10-19
Juice WRLD,Goodbye & Good Riddance,Candles,2018-12-10
Juice WRLD,Goodbye & Good Riddance,Hurt Me,2018-12-10
XXXTENTACION,?,SAD!,2018-03-16
Juice WRLD,Death Race For Love,Robbery,2019-03-08
Various Artists,Turn up da Block Volume 3,Ready to Fuck,2014-11-19
Kirko Bangz,Drank In My Cup,Drank in My Cup,2011-09-16
Kid Ink,My Own Lane (Expanded Edition),Show Me (feat. Chris Brown),2014-01-06
Drake,Take Care (Deluxe),Doing It Wrong,2011-11-15
Drake,Take Care (Deluxe),Marvins Room,2011-11-15
Drake,Thank Me Later,Find Your Love,2010-01-01
Drake,Thank Me Later (Int'l Version),Best I Ever Had,2010-01-01
Juice WRLD,Goodbye & Good Riddance,Lucid Dreams,2018-12-10
Juice WRLD,Death Race For Love,Flaws And Sins,2019-03-08
Juice WRLD,Death Race For Love,Hear Me Calling,2019-03-08
Juice WRLD,Death Race For Love,Who Shot Cupid?,2019-03-08
Juice WRLD,Death Race For Love,Rider,2019-03-08
Juice WRLD,Goodbye & Good Riddance,Long Gone,2018-12-10
Lil Baby,Drip Harder,Drip Too Hard (Lil Baby & Gunna),2018-10-05
Ellie Goulding,Hate Me (with Juice WRLD),Hate Me (with Juice WRLD),2019-06-26
YNW Melly,Medium Fries,Medium Fries,2018-08-23
Sigrid,Sucker Punch,Don't Kill My Vibe,2019-03-08
Josephina,Woosah,Woosah,2017-10-27
Saving Forever,Always in My Mind,Always in My Mind,2018-07-13
Echosmith,Talking Dreams (Deluxe Edition),Nothing's Wrong,2013-10-04
Katy Tiz,Whistle (While You Work It),Whistle (While You Work It),2015-02-10
Grouplove,Big Mess,Welcome to Your Life,2017-08-17
Becky Hill,Unpredictable,Unpredictable,2017-08-09
All Time Low,Last Young Renegade,Good Times,2017-06-02
Bishop Briggs,Bishop Briggs,The Way I Do,2017-04-14
Oh Wonder,Ultralife,Ultralife,2017-07-14
Big Data,2.0,The Business of Emotion (feat. White Sea),2013
Lights,Little Machines,Up We Go,2014-09-19
Paper Route,Real Emotion,Zhivago,2016-09-23
Andrew McMahon in the Wilderness,Zombies On Broadway,Walking In My Sleep,2017-02-10
Middle Kids,Lost Friends,Mistake,2018-05-04
Bishop Briggs,CHAMPION,JEKYLL & HIDE,2019-11-08
Paramore,All We Know Is Falling,Pressure,2005-07-26
fun.,Some Nights,We Are Young (feat. Janelle Monáe),2012-02-21
Gordi,Reservoir,On My Side,2017-08-25
Bow Wow,You Can Get It All,You Can Get It All,2009-02-17
Ja Rule,The Last Temptation,Mesmerize,2002-01-01
Pretty Ricky,Late Night Special,On the Hotline - Amended Version,2007
Usher,I Don't Mind (feat. Juicy J),I Don't Mind (feat. Juicy J),2014-11-21
Mýa,Moodring,My Love Is Like...Wo - Main Mix/Album Version,2003-01-01
Ciara,The Evolution,Promise,2006
Pleasure P,The Introduction of Marcus Cooper,Boyfriend #2,2009-06-05
Various Artists,Mr Loverman,Into You,2018-06-27
The-Dream,Lovehate,I Luv Your Girl,2007-01-01
Pretty Ricky,Bluestars,Your Body,2005-05-17
The-Dream,Love Vs Money,My Love,2009-01-01
Plies,Definition of Real,"Bust It Baby, Pt. 2 (feat. Ne-Yo)",2008-06-10
Cassie,Cassie (U.S. Version),Me & U,2006-08-07
Various Artists,Total Club Hits 3,Wetter (Calling You Daddy),2009-01-01
Keyshia Cole,Just Like You,Let It Go,2007-01-01
The-Dream,Love Vs Money,Rockin' That Shit,2009-01-01
Kanye West,The College Dropout,Slow Jamz,2004-02-10
Ashanti,Ashanti,Foolish,2002-01-01
Lil Jon & The East Side Boyz,Crunk Juice,Lovers And Friends,2004-11-16
Marc E. Bassy,Gossip Columns,Made Love First,2017-10-13
Khalid,Free Spirit,Talk (feat. Disclosure),2019-04-05
WAV,On the Spot,On the Spot,2018-08-29
Deuce Fantastick,Billion Dollar Dreams Vol.1 the Present,Mind Right,2020-08-01
Matt Simons,We Can Do Better,We Can Do Better,2018-04-04
Cardi B,Please Me,Please Me,2019-02-15
Khalid,Free Spirit,Better,2019-04-05
BROCKHAMPTON,GINGER,SUGAR,2019-08-23
J. Cole,2014 Forest Hills Drive,Wet Dreamz,2014-12-09
LL Cool J,Mr. Smith (Deluxe Edition),Hey Lover,1995-11-20
LL Cool J,Mr. Smith (Deluxe Edition),Doin' It,1995-11-20
Justin Timberlake,FutureSex/LoveSounds Deluxe Edition,SexyBack (feat. Timbaland),2006-09-13
LL Cool J,G. O. A. T. Featuring James T. Smith: The Greatest Of All Time,Imagine That,2000-09-05
Lagum,Deixa (feat. Ana Gabriela),Deixa (feat. Ana Gabriela),2018-02-23
Ari,Ari Acústico,A Droga do Amor,2015-12-09
1Kilo,Deixe Me Ir (Acústico),Deixe Me Ir - Acústico,2017-03-17
UM44K,4 da manhã,4 da manhã,2017-04-28
Modéstia Parte,Te Encontrar,Te Encontrar,2015-06-12
3030,Foda Que Ela É Linda,Foda Que Ela É Linda,2014-07-10
Oriente,Oriente (Acústico),"Linda, Louca e Mimada - Acústico",2014-07-25
Rael,Diversoficando,Envolvidão,2014-12-08
Ari,Ari Acústico,Quem Me Dera Eu Te Encontrar,2015-12-09
Oriente,Desorientado,O Vagabundo e a Dama,2011-12-12
Rashid,Crise,Bilhete 2.0,2018-01-19
Rael,Ainda Bem Que Eu Segui as Batidas do Meu Coração,Ela Me Faz,2013-03-05
Liniker e os Caramelows,Cru,Zero,2015-07-30
3030,Quinta Dimensão,Tudo Que Ela Quer,2012-12-21
3030,Bom Dia (Acústico),Bom Dia - Acústico,2014-05-31
Projota,3Fs (Ao Vivo),Muleque De Vila - Ao Vivo,2016-05-27
Hungria Hip Hop,Dubai,Dubai,2016-04-15
Flora Matos,Flora Matos Vs. Stereodubs,"Pretin (Verão, Pt. 1)",2014-04-01
Rael,Mp3: Música Popular do Terceiro Mundo,Vejo Depois,2010-08-01
Emicida,O Glorioso Retorno de Quem Nunca Esteve Aqui,Hoje Cedo,2013
Rael,Diversoficando,Ser Feliz,2014-12-08
Luccas Carlos,Sem Ninguém,Sem Ninguém,2017-10-13
Criolo,Nó na Orelha,Não Existe Amor em SP,2011-04-25
Criolo,Nó na Orelha,Subirusdoistiozin,2011-04-25
Emicida,O Glorioso Retorno de Quem Nunca Esteve Aqui,Levanta e Anda,2013
Various Artists,Poesia Acústica #3: Capricorniana,Poesia Acústica #3: Capricorniana,2017-11-04
Haikaiss,"Fotografia de um Instante, Vol. 1 & 2",Relaxa!,2014-12-15
1Kilo,Tenta Vir (Acústico),Tenta Vir - Acústico,2017-04-15
Oriente,Oriente (Acústico),Vagabundo Também Ama / Vida Longa Mundo Pequeno - Acústico,2014-07-25
3030,Quinta Dimensão,Mundo de Ilusões 2012,2012-12-21
Knowmadic,Faces,Faces,2019-01-07
SwuM,O R B I T,Don't know why,2019-01-21
Arbour,Interstellar,Interstellar,2019-01-14
Various Artists,Chillhop Essentials Winter 2018,Fall's Echoes,2018-12-12
mommy,Inaudible,thinking of you,2018-11-21
Tesk,Hideout,Hideout,2018-11-12
Various Artists,Chillhop Essentials Winter 2018,larkspur,2018-12-12
SwuM,O R B I T,The Dream,2019-01-21
C Y G N,BODY N SOUL,Mindfulness,2018-11-07
Various Artists,Chillhop Essentials Winter 2018,Crossroads,2018-12-12
Nokiaa,All Us,All Us,2018-12-24
Herring Franky,The Flip & Dip Sessions,Turn Me On,2017-11-07
Toonorth,Melancholy,Mabey,2016-11-25
Various Artists,Summer Breeze,Sleep by the Waves,2018-09-21
ocha,Love Story,icy.tears,2019-01-17
Smoke Trees,Steamer,Liquordelic,2018-04-25
ocha,Love Story,iridscnt,2019-01-17
Vhsceral,Devlop,Baroke,2017-10-13
Various Artists,Chillhop Essentials Winter 2016,Patience,2016-12-19
Emapea,Random Beats,Summerize,2018-07-04
Vhsceral,Some Year,Swing Moods,2018-08-20
illiterate,YGCBEATS002 : illiterate,Descending,2018-08-08
Silo,Neon Dream - EP,Neon Dream,2018-12-28
Pandrezz,Belleville,Orion,2019-01-24
Harris Cole,Rosewood,Rosewood,2018-11-26
Various Artists,Chillhop Essentials Winter 2018,blankets,2018-12-12
Flovry,Home,Home,2018-09-06
Delayde,Old Hours,Downtime,2018-12-03
Dontcry,Daily Operation,Belly,2019-01-08
SwuM,O R B I T,Stay.,2019-01-21
Dwyer,Night Swim,Pictochat,2017-06-18
Dramadigs,Bei aller Liebe,Fall in Love (Skit),2014-04-18
Various Artists,Chillhop Essentials Winter 2018,Potion,2018-12-12
Masked Man,that neo soul,that neo soul,2019-01-04
Idealism,hiraeth ep,phosphenes,2017-11-08
Kankick,Acid Massive Musical,Citywalk: Broad's Groove,2013-09-17
Plusma,Crony,W∆itin4y0u,2016-12-23
JuSoul,February,Thank You (Tribute to Jay),2017-02-07
Sleepy Fish,bed / moon,moonsong,2019-01-11
Plusma,Gamma,ss℮,2016-12-23
Dontcry,Tok Baby Snare,Coke Bakken,2018-03-31
In Love With a Ghost,gay story,something easy,2018-04-15
HM Surf,Mulberry Daze,Trembling Close to You,2019-01-10
SPEECHLESS,Freedom of SPEECH,Winter Breeze,2019-01-04
Sleepy Fish,bed / moon,passersby,2019-01-11
Gonza,Extras,Smoovtip,2018-12-28
emune,Balance,Tulips,2017-05-08
goosetaf,Sugar,Dippin' Dots,2019-01-03
Various Artists,Chillhop Essentials Winter 2018,Viaduct,2018-12-12
Gonza,Extras,Soultra,2018-12-28
Seneca B,Sunshine,Sunshine,2018-04-30
emune,Sorry,Brown Eyes,2017-10-22
digitalluc,re:ups,003,2018-01-29
Various Artists,Chillhop Daydreams,Perspective,2018-08-08
Various Artists,Chillhop Essentials Spring 2018,Swix,2018-03-21
invention_,lunarize,lunarize,2018-12-23
Hanz,I'll Be Okay,I'll Be Okay,2017-10-02
Various Artists,Chillhop Essentials Winter 2018,Mila Coolness,2018-12-12
jrd.,Reflections,Slowly,2018-06-02
BIDØ,last light,last light,2018-07-15
jrd.,Reflections,Embed,2018-06-02
illiterate,winter_bumps 002,chestnut,2018-12-26
Keem the Cipher,(Cosmos EP.),Blossom.,2017-04-10
Clap Cotton,Minors,Minors,2018-02-20
Vhsceral,Some Year,Typo,2018-08-20
Various Artists,Chillhop Daydreams,Coupe_90,2018-08-08
Cloudchord,Koi Pond,Stay Puff,2018-07-11
Leavv,essence,park walk,2017-12-31
Delayde,finding solitude,speaking with trees,2018-11-20
Masked Man,Coo Lullaby,Coo Lullaby,2018-08-20
Smuv,Sofa,A Pasito,2018-12-20
Sleepdealer,B-Sides,Like Silk,2018-05-17
Omaure,Sexy Galaxy,The World Is Yours,2017-03-09
Otesla,Instrumentals One,Space Invasionxfam,2017-08-25
Fujitsu,corals 2,hills and horizons,2018-09-21
Complex Channel Records,Complex Channel Collective Tapes Vol. 3,Marbles,2018-02-02
Shy Cope,Drive Home,Drive Home,2018-06-04
Sup Nasa,J Dilla Ruined My Life,February,2018-02-28
less.people,Let's go extinct,Look what you've done (Old Playa reprise),2018-05-14
Phlocalyst,Serendipity,Hier encore,2018-05-28
fantompower,Summertime and the Living's Easier.,We Are Safe Here.,2017-07-27
mommy,Inaudible,everything you say,2018-11-21
Various Artists,Chillhop Essentials Winter 2018,I need to paint my walls,2018-12-12
Nymano,Hometown,Evening Routine,2018-10-17
Various Artists,Chillhop Essentials Winter 2018,Winter Lights,2018-12-12
Smeyeul.,Distant Travels,Distant Travels,2018-10-29
mommy,Inaudible,throwback port,2018-11-21
Various Artists,Chillhop Essentials Winter 2018,polarbeer,2018-12-12
Delayde,Old Hours,A Million Miles,2018-12-03
Various Artists,Chillhop Essentials Winter 2018,Slopes,2018-12-12
Various Artists,Chillhop Essentials Winter 2018,Embers in the Dark,2018-12-12
dude26,EXPEDITion Vol. 8: Yellow Dolphin,Nehslyg,2016-02-26
Vhsceral,Some Year,Cause,2018-08-20
Dream Easy Collective,Ephemeral,Grassroot Skies,2018-05-22
chief.,chief.,orion,2018-12-07
Flitz&Suppe,Ijin,Mutiny,2018-12-06
Estugarda,Lava,Home,2018-02-02
Various Artists,Chillhop Essentials Fall 2018,mochus,2018-10-03
Toonorth,Silience,Silience,2018-09-17
DLJ,Pure,Pure,2018-09-29
Ellie Goulding,Halcyon Days,How Long Will I Love You - Bonus Track,2014-01-01
Lupe Fiasco,Old School Love (feat. Ed Sheeran),Old School Love (feat. Ed Sheeran),2013-10-15
Kurt Hugo Schneider,Schneider Brother Covers,Breakeven,2013-02-10
Kurt Hugo Schneider,Schneider Brother Covers,So Sick,2013-02-10
Kurt Hugo Schneider,Schneider Brother Covers,Not Over You,2013-02-10
Chris Brown,Chris Brown,Ya Man Ain't Me,2005-11-29
Chris Brown,Chris Brown,Say Goodbye,2005-11-29
Chris Brown,Chris Brown,Yo (Excuse Me Miss),2005-11-29
Chris Brown,Exclusive,With You,2007-11-01
Chris Brown,Graffiti,Crawl,2009-12-08
Chris Brown,Graffiti,I Love U,2009-12-08
Chris Brown,Graffiti,Gotta Be Ur Man,2009-12-08
Various Artists,Total Club Hits Vol. 2,"Bust It Baby, Pt. 2",2009-01-01
Frankie J,The One,How To Deal,2003
Colby O'Donis,Colby O,What You Got - Main,2008-01-01
Mario Vazquez,Mario Vazquez,Gallery,2006-01-15
Mario Vazquez,Mario Vazquez,Everytime I...,2006-01-15
Mario Vazquez,Mario Vazquez,We Gon' Last,2006-01-15
Mario,Go,How Do I Breathe,2007-12-11
Ne-Yo,Year Of The Gentleman (Bonus Track Edition),Mad,2008-01-01
Ne-Yo,Year Of The Gentleman (Bonus Track Edition),Miss Independent,2008-01-01
Ne-Yo,In My Own Words,Let Me Get This Right,2006-01-01
Usher,Here I Stand,"Love in This Club, Pt. II (feat. Beyoncé & Lil' Wayne)",2008-05-27
Luther Vandross,The Ultimate Luther Vandross,Always and Forever,2006-10-23
Lil Crazed,Tick Tock (feat. Andrew Garcia),Tick Tock (feat. Andrew Garcia),2012-09-26
Akon,Konvicted,Don't Matter,2006-01-01
Akon,Trouble,Lonely,2006-01-01
Akon,Freedom,Be With You,2008-01-01
Andrew Garcia,One Way Ticket (Acoustic),One Way Ticket - Acoustic,2015-08-08
Andrew Garcia,Airplanes & Terminals,Airplanes & Terminals,2013-07-22
Jeremy Passion,For More Than a Feeling,Lemonade - Ukulele Version,2011-12-13
Chris Brown,Forever,Forever,2007-11-02
Alicia Keys,The Diary Of Alicia Keys,If I Ain't Got You,2003-12-02
Alicia Keys,As I Am,No One,2007-11-09
Mariah Carey,Daydream,Always Be My Baby,1995-09-26
Paula DeAnda,Paula DeAnda,Walk Away (Remember Me) (feat. The DEY),2006-06-01
Jesse McCartney,Departure - Recharged,Leavin',2008
Alexia,Fan Club,Me And You,1997-06-24
Corona,The Rhythm of the Night,The Rhythm of the Night,1994
Corona,The Rhythm of the Night,Baby Baby,1994
Corona,The Rhythm of the Night,Don't Go Breaking My Heart,1994
Ice Mc,Ice 'n' Green,Think About The Way,1994-01-01
Ice Mc,Ice 'n' Green,It's A Rainy Day,1994-01-01
Double You,The Blue Album,Run To Me,1994-01-01
Talk Talk,It's My Life,It's My Life - 1997 Remaster,1984
Randy Bush,Randy Bush Greatests Hits,Elevation,2016-09-14
Various Artists,"Remember 90's, Vol. 03","Run, Baby Run",2018-02-24
Randy Bush,Randy Bush,Sounds Like a Melody,2015-06-02
a-ha,"East of the Sun, West of the Moon",Crying in the Rain,1990-10-27
Depeche Mode,The Singles 86-98,Strangelove - Single Version,1998-09-23
Eric Carmen,Eric Carmen,All By Myself,1975-01-01
Erasure,Chorus,Love to Hate You,1991-10-14
Randy Bush,Randy Bush Greatests Hits,I Love to Love,2016-09-14
Ice Mc,Ice 'n' Green,Dark Night Rider,1994-01-01
Erasure,The Innocents,A Little Respect - 2009 Remastered Version,1988-04-18
Orchestral Manoeuvres In The Dark,Sugar Tax,Pandora's Box,1991-05-07
Stevie B,Best Of Stevie B,Spring Love,1991-01-01
a-ha,Hunting High and Low,Hunting High and Low,1985-06-01
Various Artists,"Flash Maniac, Vol. 1",Mr. Personality - Club Vocal Mix,2016-12-01
KC & The Sunshine Band,Part 3,"(Shake, Shake, Shake) Shake Your Booty",1976
Eurythmics,Sweet Dreams (Are Made Of This),Sweet Dreams (Are Made of This) - Remastered,1983-01-04
Debbie Gibson,Electric Youth,Lost in Your Eyes,1989-01-10
Spandau Ballet,True - The Digital E.P.,True - Single Edit,2008-04-25
Tina Charles,I Love To Love - The Best Of,I Love to Love,1997-06-06
The Weather Girls,Success,It's Raining Men,1982
Narada Michael Walden,The Nature Of Things,Gimme Gimme Gimme (with Patti Austin),1985
Whitney Houston,Whitney,I Wanna Dance with Somebody (Who Loves Me),1987-06-02
INXS,Kick (Remastered),Never Tear Us Apart,1987
Tears For Fears,Songs From The Big Chair (Super Deluxe Edition),Everybody Wants To Rule The World,1985-02-25
Erasure,Wild! (Deluxe Edition; 2019 - Remaster),Blue Savannah - 2019 - Remaster,1989-10-16
INXS,INXS Remastered,By My Side,2011-01-01
